{
  "summary": {
    "num_tasks": 1,
    "total_samples": 3270,
    "average_accuracy": 0.6324159021406728,
    "task_accuracies": {
      "boolq": 0.6324159021406728
    },
    "timestamp": "2025-11-24T23:02:11.830060"
  },
  "results": {
    "boolq": {
      "eval_type": "BOOLEAN",
      "metrics": {
        "accuracy": 0.6324159021406728,
        "answered_rate": 1.0,
        "correct": 2068,
        "answered": 3270,
        "total": 3270
      },
      "num_samples": 3270
    }
  }
}