{
  "summary": {
    "num_tasks": 1,
    "total_samples": 1319,
    "average_accuracy": 0.3078089461713419,
    "task_accuracies": {
      "gsm8k": 0.3078089461713419
    },
    "timestamp": "2025-11-24T23:17:16.080151"
  },
  "results": {
    "gsm8k": {
      "eval_type": "NUMERICAL",
      "metrics": {
        "accuracy": 0.3078089461713419,
        "answered_rate": 1.0,
        "correct": 406,
        "answered": 1319,
        "total": 1319
      },
      "num_samples": 1319
    }
  }
}