{
  "summary": {
    "num_tasks": 4,
    "total_samples": 16789,
    "average_accuracy": 0.46140971657198954,
    "task_accuracies": {
      "gsm8k": 0.6103108415466262,
      "snli": 0.318200325732899,
      "boolq": 0.6229357798165137,
      "arc_easy": 0.29419191919191917
    },
    "timestamp": "2025-11-25T00:00:05.832838"
  },
  "results": {
    "gsm8k": {
      "eval_type": "NUMERICAL",
      "metrics": {
        "accuracy": 0.6103108415466262,
        "answered_rate": 1.0,
        "correct": 805,
        "answered": 1319,
        "total": 1319
      },
      "num_samples": 1319
    },
    "snli": {
      "eval_type": "MULTIPLE_CHOICE",
      "metrics": {
        "accuracy": 0.318200325732899,
        "answered_rate": 0.9750610749185668,
        "correct": 3126,
        "answered": 9579,
        "total": 9824
      },
      "num_samples": 9824
    },
    "boolq": {
      "eval_type": "BOOLEAN",
      "metrics": {
        "accuracy": 0.6229357798165137,
        "answered_rate": 1.0,
        "correct": 2037,
        "answered": 3270,
        "total": 3270
      },
      "num_samples": 3270
    },
    "arc_easy": {
      "eval_type": "MULTIPLE_CHOICE",
      "metrics": {
        "accuracy": 0.29419191919191917,
        "answered_rate": 1.0,
        "correct": 699,
        "answered": 2376,
        "total": 2376
      },
      "num_samples": 2376
    }
  }
}