{
  "summary": {
    "num_tasks": 1,
    "total_samples": 1319,
    "average_accuracy": 0.012130401819560273,
    "task_accuracies": {
      "gsm8k": 0.012130401819560273
    },
    "timestamp": "2025-11-24T19:51:36.276405"
  },
  "results": {
    "gsm8k": {
      "eval_type": "NUMERICAL",
      "metrics": {
        "accuracy": 0.012130401819560273,
        "answered_rate": 0.9666413949962093,
        "correct": 16,
        "answered": 1275,
        "total": 1319
      },
      "num_samples": 1319
    }
  }
}