{
  "summary": {
    "num_tasks": 1,
    "total_samples": 1319,
    "average_accuracy": 0.027293404094010616,
    "task_accuracies": {
      "gsm8k": 0.027293404094010616
    },
    "timestamp": "2025-11-24T21:37:50.997380"
  },
  "results": {
    "gsm8k": {
      "eval_type": "NUMERICAL",
      "metrics": {
        "accuracy": 0.027293404094010616,
        "answered_rate": 1.0,
        "correct": 36,
        "answered": 1319,
        "total": 1319
      },
      "num_samples": 1319
    }
  }
}