{
  "summary": {
    "num_tasks": 1,
    "total_samples": 2376,
    "average_accuracy": 0.22937710437710437,
    "task_accuracies": {
      "arc_easy": 0.22937710437710437
    },
    "timestamp": "2025-11-24T19:45:48.518882"
  },
  "results": {
    "arc_easy": {
      "eval_type": "MULTIPLE_CHOICE",
      "metrics": {
        "accuracy": 0.22937710437710437,
        "answered_rate": 0.9932659932659933,
        "correct": 545,
        "answered": 2360,
        "total": 2376
      },
      "num_samples": 2376
    }
  }
}