{
  "summary": {
    "num_tasks": 1,
    "total_samples": 3270,
    "average_accuracy": 0.41804281345565747,
    "task_accuracies": {
      "boolq": 0.41804281345565747
    },
    "timestamp": "2025-11-24T22:49:16.683955"
  },
  "results": {
    "boolq": {
      "eval_type": "BOOLEAN",
      "metrics": {
        "accuracy": 0.41804281345565747,
        "answered_rate": 0.8452599388379205,
        "correct": 1367,
        "answered": 2764,
        "total": 3270
      },
      "num_samples": 3270
    }
  }
}