{
  "summary": {
    "num_tasks": 1,
    "total_samples": 9824,
    "average_accuracy": 0.7564128664495114,
    "task_accuracies": {
      "snli": 0.7564128664495114
    },
    "timestamp": "2025-11-24T22:13:37.639453"
  },
  "results": {
    "snli": {
      "eval_type": "MULTIPLE_CHOICE",
      "metrics": {
        "accuracy": 0.7564128664495114,
        "answered_rate": 1.0,
        "correct": 7431,
        "answered": 9824,
        "total": 9824
      },
      "num_samples": 9824
    }
  }
}