{
  "summary": {
    "num_tasks": 4,
    "total_samples": 16789,
    "average_accuracy": 0.07752337560864028,
    "task_accuracies": {
      "gsm8k": 0.0037907505686125853,
      "snli": 0.06300895765472313,
      "boolq": 0.1363914373088685,
      "arc_easy": 0.1069023569023569
    },
    "timestamp": "2025-11-24T23:26:15.714966"
  },
  "results": {
    "gsm8k": {
      "eval_type": "NUMERICAL",
      "metrics": {
        "accuracy": 0.0037907505686125853,
        "answered_rate": 0.45716451857467777,
        "correct": 5,
        "answered": 603,
        "total": 1319
      },
      "num_samples": 1319
    },
    "snli": {
      "eval_type": "MULTIPLE_CHOICE",
      "metrics": {
        "accuracy": 0.06300895765472313,
        "answered_rate": 0.189942996742671,
        "correct": 619,
        "answered": 1866,
        "total": 9824
      },
      "num_samples": 9824
    },
    "boolq": {
      "eval_type": "BOOLEAN",
      "metrics": {
        "accuracy": 0.1363914373088685,
        "answered_rate": 0.26636085626911316,
        "correct": 446,
        "answered": 871,
        "total": 3270
      },
      "num_samples": 3270
    },
    "arc_easy": {
      "eval_type": "MULTIPLE_CHOICE",
      "metrics": {
        "accuracy": 0.1069023569023569,
        "answered_rate": 0.9962121212121212,
        "correct": 254,
        "answered": 2367,
        "total": 2376
      },
      "num_samples": 2376
    }
  }
}